song,artist
Let Go,Beau Young Prince
Toosie Slide (Explicit),Drake
History,88rising / Rich Brian
Without You (Prod.Breezy),Higher Brothers
雪 Distance,Capper / 罗言RollFlash
Coco Elva Tia,马思唯
喜剧之王,李荣浩
执迷不悟 (DJ版),小乐哥（王唯乐）
If I Ain't Got You,Alicia Keys
That Should Be Me,Justin Bieber
浪漫手机,周杰伦
失眠,Suki刘舒妤
花花公子 (feat. step.jad),马思唯 / Higher Brothers / step.jad依加
House Music,马思唯
寂寞寂寞不好,曹格
Shots (Astrolith Remix),Imagine Dragons
给我一首歌的时间,周杰伦
雨天,孙燕姿
忽然之间,莫文蔚
1022-比尔的歌,Bomb比尔
东西,林俊呈
Paris in the Rain,LAUV
So Sick,Ne-Yo
阳光下的星星,金海心
Waiting For Love,Romy Wave
Beauty And A Beat,Justin Bieber / Nicki Minaj
This Is War (Explicit),GAWNE / Atlus / Tech N9ne
简单爱,周杰伦
爱你没差,周杰伦
金润吉 (再次爱上你),海山来了
黑色幽默,周杰伦
洋葱 (Live),茜拉 (Shila Amzah)
到时说爱我,茜拉 (Shila Amzah)
红豆,方大同
月亮代表谁的心,陶喆
心跳,王力宏
Last Christmas,Taylor Swift
轨迹,周杰伦
21,Gracie Abrams
Because Of You,Ne-Yo
春风吹,方大同
三人游,方大同
爱爱爱,方大同
美丽的神话,孙楠 / 韩红
一滴泪的时间 (R),赵紫骅
开始懂了,孙燕姿
What Do You Mean?,Justin Bieber
零距离的思念,TINY7
会呼吸的痛,梁静茹
恶作剧,王蓝茵
需要人陪,王力宏
你不知道的事,王力宏
蝴蝶,陶喆
落叶归根,王力宏
有何不可,许嵩
暗号,周杰伦
听妈妈的话,周杰伦
半岛铁盒,周杰伦
特别的人,方大同
DIY,蔡依林
有形的翅膀,张韶涵
东京不太热 (Single Version),封茗囧菌
素颜,许嵩 / 何曼婷
刻在我心底的名字,卢广仲
Everyday Normal Guy 2 (Explicit),Jon Lajoie
形容,沈以诚
Galway Girl,Ed Sheeran
孤单心事,蓝又时
怎么了,Eric周兴哲
多幸运,韩安旭
What Makes You Beautiful (Single Version),Boyce Avenue
Count On Me,Bruno Mars
和你,余佳运
我爱你,程佳佳
Dilemma (Explicit),Nelly / Kelly Rowland
DJ Got Us Fallin' In Love,Usher / Pitbull
Take A Bow,Rihanna
That's What I Like,Bruno Mars
Die For You,The Weeknd
Call You Tonight,Whitney Houston
Booty Shake (Radio Edit),Turbotronic (?????)
Julie. (Explicit),Gallant
Fallin' Out,Keyshia Cole
Because of You,Kelly Clarkson
I Wanted You,Ina Wroldsen
别问很可怕,J.Sheon
Why Would I Ever,Paula DeAnda
忘了没有,王靖雯
做自己的光，不需要太亮,善宇
梁山伯与茱丽叶,曹格 / 卓文萱
带你去旅行,校长（张驰）
青丝,时光胶囊
你把我灌醉,G.E.M.邓紫棋
无名的人,毛不易
关山酒,邓寓君(等什么君)
手写的从前,周杰伦
My Type,The Chainsmokers / Emily Warren
我爱你但是我要回家,邵甲天 ET / Happer / 无面小生 / 口古口古
It's You,Ali Gatie
Scars To Your Beautiful,Alessia Cara
今天你要嫁给我,陶喆 / 蔡依林
Superstar,Beatrich
One Call Away,Charlie Puth
Is It Just Me? (Explicit),Sasha Alex Sloan
跳楼机,LBI利比（时柏尘）
爱，存在,林小珂
The way i still love you,etihasa / Speed Up Songs
Who Am I (What's My Name) ?,Snoop Dogg
Rather Be,Clean Bandit / Jess Glynne
SOS,Avicii / Aloe Blacc
Paradise,Meduza / Dermot Kennedy
Paradise (Topic Remix),MEDUZA / Dermot Kennedy
爱我还是他,陶喆
一次就好,杨宗纬
少一点天份,孙盛希
二十二,陶喆
戒不掉 (原声版),欧阳耀莹
爱的就是你,王力宏
Hotel California,Eagles
偷心,张学友
爱如火,那艺娜
爱错,王力宏
疑心病,任然
Billie Jean,Michael Jackson
爱一点,王力宏 / 章子怡
就忘了吧 (抒情版),WiFi歪歪
勋章,鹿晗
Bleeding Love,Ni/Co
DON'T BE AFRAID,Elliott Yamin
篝火旁,吕大叶 / 马子林Broma / 陈觅Lynne / 王以诺
Once upon a Time,Max Oazo / Moonessa
你要的全拿走,胡彦斌
山楂树の恋,程佳佳
孤独患者,陈奕迅
天后,陈势安
Mood (Remix|Explicit),24kGoldn / Justin Bieber / J Balvin / iann dior
Move Your Body (Alan Walker Remix),Sia / Alan Walker
Dusk Till Dawn,ZAYN / Sia
飘向北方 (Live),尤长靖 / 那吾克热-NW
Bleeding Love,Leona Lewis
唯一,王力宏
We Are Young (feat. Janelle Monáe),Fun. / Janelle Monáe
I Need A Doctor (Explicit),Dr. Dre / Eminem / Skylar Grey
米奇GO,JOKFP.J
我是真的爱上你,王杰
Shape of You,Ed Sheeran
Uptown Funk (Explicit),Mark Ronson / Bruno Mars
FRIDAY9 II,可可爱kkluv
You Raise Me Up,Westlife
还是会想你 (emo版),7paste
带我去找夜生活,告五人
Plain Jane (Remix),A$AP Ferg / Nicki Minaj
记得,林俊杰
Starboy (Explicit),The Weeknd / Daft Punk
苦咖啡·唯一,那奇沃夫 / KKECHO
我的歌声里 (remix：T.back),邱霖BigL
野人,孟维来
大风吹,草东没有派对
月牙湾,F.I.R.飞儿乐团
One Last Time,Ariana Grande
Right Now (Na Na Na),Akon
只对你有感觉,飞轮海 / 田馥甄
改变自己,王力宏
隆里电丝 (Live),盛宇D-SHINE / KEY.L刘聪 / ICE杨长青
我们的歌,王力宏
离别开出花 (弹唱版),就是南方凯
若月亮没来 (若是月亮还没来),王宇宙Leto / 乔浚丞
为你写诗,吴克群
执迷不悟,小乐哥（王唯乐）
放空,A1 TRIP / 大籽 / Lil E
坠,曲甲
Call Me Maybe,Carly Rae Jepsen
Pasta,New Rules
How to Love (feat. Sofia Reyes),Cash Cash / Sofia Reyes
洋葱,杨宗纬
个人简介,安全着陆
最后一页,姜眠
Love The Way You Lie (Explicit),Eminem / Rihanna
说散就散,袁娅维TIA RAY
罗生门 (follow),7paste / live_nine
危险派对,王以太 / 刘至佳
I love you baby,Paul Anka
阿嬷 (爱国版),周林枫
想见你想见你想见你,八三夭乐团
南山南,马頔
泪桥,伍佰 & China Blue
感谢你曾来过,Ayo97 / 周思涵
根本你不懂得爱我,韦雄
7 Years,Lukas Graham
"?,?,? (眼，鼻，嘴)",TAEYANG (太阳)
Jar Of Love (Album Version),曲婉婷
My Heart Will Go On,满舒克 / MuSik I / 廖伟珊
La La La,Naughty Boy / Sam Smith
I Hate U I Love U (feat. Olivia O'Brien) (Explicit),gnash / Olivia O'Brien
雨爱,杨丞琳
必杀技,古巨基
我们俩,郭顶
Love you like I do,Jamillions
Moves Like Jagger (Studio Recording from the Voice Performance),Maroon 5 / Christina Aguilera
流沙,陶喆
Melody,陶喆
就是爱你,陶喆
不得不爱,潘玮柏 / 弦子
谁 (Live),廖俊涛
普通朋友,陶喆
他不懂,张杰
Best of 2012: Payphone / Call Me Maybe / Wide Awake / Starships / We Are Young,Anthem Lights
其实都没有,杨宗纬
挥着翅膀的女孩,容祖儿
找自己,陶喆
搁浅,周杰伦
成都,赵雷
Symphony,Clean Bandit / Zara Larsson
By Your Side,Jonas Blue / RAYE
情非得已,庾澄庆
Cold,James Blunt
星辰大海,黄霄雲
情歌两三首,郭顶
Someone You Loved,Lewis Capaldi
十年,陈奕迅
小情歌 (苏打绿版),苏打绿
Whataya Want from Me,Adam Lambert
斯德哥尔摩情人,陈奕迅
You Are Not Alone,Michael Jackson
Heartbreak Anniversary,GIVēON
Nothing Gonna Change My Life For You (Explicit),Mizayya The Koncos
Counting Stars,OneRepublic
Dancing With Your Ghost,Sasha Alex Sloan
慢热,满舒克
Rolling in the Deep (Explicit),Adele
Set Fire to the Rain,Adele
Someone Like You,Adele
Fire,Gavin DeGraw
Apologize,Timbaland / OneRepublic
We Don't Talk Anymore,Charlie Puth / Selena Gomez
Dangerously,Charlie Puth
Attention,Charlie Puth
How Long,Charlie Puth
Sunny,Boney M.
Despacito,Luis Fonsi / Daddy Yankee
Se?orita,Shawn Mendes / Camila Cabello
I Want You To Know,Zedd / Selena Gomez
Love You Like A Love Song,Selena Gomez & The Scene
Animals,Maroon 5
Wolves,Selena Gomez / Marshmello
Skin,Rag'n'Bone Man
See You Again,Wiz Khalifa / Charlie Puth
Please Don't Go,Joel Adams
Cruel Summer,Taylor Swift
Love Me,Justin Bieber
Wellerman (Sea Shanty),Nathan Evans
Wonderful U (Demo Version),AGA
Peaches (Explicit),Justin Bieber / Daniel Caesar / GIVēON
Try,Colbie Caillat
Let Her Go,Passenger
Perfect,Ed Sheeran
Young And Beautiful,Lana Del Rey
golden hour,JVKE
